Id,Date,Long,Lat
CARTHE_259,2012-07-30 21:15:00,27.7775785929,-89.03888739391
CARTHE_259,2012-07-30 21:30:00,27.77674462965,-89.04101806899
CARTHE_259,2012-07-30 21:45:00,27.77586131414,-89.04307165155
CARTHE_259,2012-07-30 22:00:00,27.77492676583,-89.04508726548
CARTHE_259,2012-07-30 22:15:00,27.77398148593,-89.04710242357
CARTHE_259,2012-07-30 22:30:00,27.77308315973,-89.04913571759
CARTHE_259,2012-07-30 22:45:00,27.7722740228,-89.05118995526
CARTHE_259,2012-07-30 23:00:00,27.7715653253,-89.05326760366
CARTHE_259,2012-07-30 23:15:00,27.77094740215,-89.05538372237
CARTHE_259,2012-07-30 23:30:00,27.77041307386,-89.05756610544
CARTHE_259,2012-07-30 23:45:00,27.76997396982,-89.05984344124
CARTHE_259,2012-07-31 00:00:00,27.76965959366,-89.06223045066
CARTHE_259,2012-07-31 00:15:00,27.76950467716,-89.06471948347
CARTHE_259,2012-07-31 00:30:00,27.76953672603,-89.06728263173
CARTHE_259,2012-07-31 00:45:00,27.7697704836,-89.06988174238
CARTHE_259,2012-07-31 01:00:00,27.77020732575,-89.07248018381
CARTHE_259,2012-07-31 01:15:00,27.77083491967,-89.07505156432
CARTHE_259,2012-07-31 01:30:00,27.77162756448,-89.07758318619
CARTHE_259,2012-07-31 01:45:00,27.77255165817,-89.08007306757
CARTHE_259,2012-07-31 02:00:00,27.77357725596,-89.08252109127
CARTHE_259,2012-07-31 02:15:00,27.77468966883,-89.0849188746
CARTHE_259,2012-07-31 02:30:00,27.77589250799,-89.08724482858
CARTHE_259,2012-07-31 02:45:00,27.77719954022,-89.08946708407
CARTHE_259,2012-07-31 03:00:00,27.7786217406,-89.09155260287
CARTHE_259,2012-07-31 03:15:00,27.78015878004,-89.09347809126
CARTHE_259,2012-07-31 03:30:00,27.78179945159,-89.09523653456
CARTHE_259,2012-07-31 03:45:00,27.78352838961,-89.09683599374
CARTHE_259,2012-07-31 04:00:00,27.78533246893,-89.09829501097
CARTHE_259,2012-07-31 04:15:00,27.78720222752,-89.09964134739
CARTHE_259,2012-07-31 04:30:00,27.78912898842,-89.10091325601
CARTHE_259,2012-07-31 04:45:00,27.79110191687,-89.10215578189
CARTHE_259,2012-07-31 05:00:00,27.79310863227,-89.10340715307
CARTHE_259,2012-07-31 05:15:00,27.79513832003,-89.10468048989
CARTHE_259,2012-07-31 05:30:00,27.79718208543,-89.10595396822
CARTHE_259,2012-07-31 05:45:00,27.79922836685,-89.10717764292
CARTHE_259,2012-07-31 06:00:00,27.80125854207,-89.10829360918
CARTHE_259,2012-07-31 06:15:00,27.80324912786,-89.10926028272
CARTHE_259,2012-07-31 06:30:00,27.80518115343,-89.11007139621
CARTHE_259,2012-07-31 06:45:00,27.80705076158,-89.1107621316
CARTHE_259,2012-07-31 07:00:00,27.80887337951,-89.11139763594
CARTHE_259,2012-07-31 07:15:00,27.8106780321,-89.11204490959
CARTHE_259,2012-07-31 07:30:00,27.81249423903,-89.11273906622
CARTHE_259,2012-07-31 07:45:00,27.8143372352,-89.11346293129
CARTHE_259,2012-07-31 08:00:00,27.81619836897,-89.11415335131
CARTHE_259,2012-07-31 08:15:00,27.81804545653,-89.1147313126
CARTHE_259,2012-07-31 08:30:00,27.81983176476,-89.11514084787
CARTHE_259,2012-07-31 08:45:00,27.82150830303,-89.11537888156
CARTHE_259,2012-07-31 09:00:00,27.82303563705,-89.11550130052
CARTHE_259,2012-07-31 09:15:00,27.82439361498,-89.11560147244
CARTHE_259,2012-07-31 09:30:00,27.82558675714,-89.1157722119
CARTHE_259,2012-07-31 09:45:00,27.82664203934,-89.11607036189
CARTHE_259,2012-07-31 10:00:00,27.82759851583,-89.11649997292
CARTHE_259,2012-07-31 10:15:00,27.82849319375,-89.11701867174
CARTHE_259,2012-07-31 10:30:00,27.82935098147,-89.11755990077
CARTHE_259,2012-07-31 10:45:00,27.83018385723,-89.11805879409
CARTHE_259,2012-07-31 11:00:00,27.83099608993,-89.11847199791
CARTHE_259,2012-07-31 11:15:00,27.83178805421,-89.11878708199
CARTHE_259,2012-07-31 11:30:00,27.83255583408,-89.11902148458
CARTHE_259,2012-07-31 11:45:00,27.83329023196,-89.11921350569
CARTHE_259,2012-07-31 12:00:00,27.83397989038,-89.11940928966
CARTHE_259,2012-07-31 12:15:00,27.83461896707,-89.11964972653
CARTHE_259,2012-07-31 12:30:00,27.83521399975,-89.11995985356
CARTHE_259,2012-07-31 12:45:00,27.83578231862,-89.1203428405
CARTHE_259,2012-07-31 13:00:00,27.83633955745,-89.12078092609
CARTHE_259,2012-07-31 13:15:00,27.83688378545,-89.12124374544
CARTHE_259,2012-07-31 13:30:00,27.837388298,-89.12170028268
CARTHE_259,2012-07-31 13:45:00,27.83780844651,-89.12212806873
CARTHE_259,2012-07-31 14:00:00,27.83809791019,-89.12251534996
CARTHE_259,2012-07-31 14:15:00,27.83822614451,-89.1228580414
CARTHE_259,2012-07-31 14:30:00,27.838190203,-89.12315696252
CARTHE_259,2012-07-31 14:45:00,27.8380153147,-89.12341897143
CARTHE_259,2012-07-31 15:00:00,27.8377423941,-89.12366125946
CARTHE_259,2012-07-31 15:15:00,27.83740945111,-89.12391358941
CARTHE_259,2012-07-31 15:30:00,27.83703838984,-89.12421260314
CARTHE_259,2012-07-31 15:45:00,27.83663181365,-89.1245892882
CARTHE_259,2012-07-31 16:00:00,27.83617591321,-89.12505842207
CARTHE_259,2012-07-31 16:15:00,27.83564596115,-89.12561711214
CARTHE_259,2012-07-31 16:30:00,27.83501486645,-89.12625168874
CARTHE_259,2012-07-31 16:45:00,27.83426400335,-89.1269474373
CARTHE_259,2012-07-31 17:00:00,27.83339139133,-89.12769600098
CARTHE_259,2012-07-31 17:15:00,27.83241257324,-89.12849836504
CARTHE_259,2012-07-31 17:30:00,27.83135400011,-89.12936408499
CARTHE_259,2012-07-31 17:45:00,27.83024255082,-89.13030842789
CARTHE_259,2012-07-31 18:00:00,27.82909629969,-89.13134875626
CARTHE_259,2012-07-31 18:15:00,27.82792047139,-89.13250112485
CARTHE_259,2012-07-31 18:30:00,27.82670980318,-89.13377796861
CARTHE_259,2012-07-31 18:45:00,27.82545540662,-89.13518755935
CARTHE_259,2012-07-31 19:00:00,27.82415186279,-89.13673538483
CARTHE_259,2012-07-31 19:15:00,27.82280116907,-89.13842634719
CARTHE_259,2012-07-31 19:30:00,27.82141390611,-89.14026597198
CARTHE_259,2012-07-31 19:45:00,27.82000956159,-89.14226023592
CARTHE_259,2012-07-31 20:00:00,27.81861620752,-89.14441501036
CARTHE_259,2012-07-31 20:15:00,27.817268275,-89.14673507791
CARTHE_259,2012-07-31 20:30:00,27.81600165829,-89.14922186237
CARTHE_259,2012-07-31 20:45:00,27.81484697363,-89.1518709225
CARTHE_259,2012-07-31 21:00:00,27.81382349245,-89.15467062653
CARTHE_259,2012-07-31 21:15:00,27.81293617521,-89.15760179154
CARTHE_259,2012-07-31 21:30:00,27.81217598062,-89.16063883892
CARTHE_259,2012-07-31 21:45:00,27.81152273254,-89.16375437307
CARTHE_259,2012-07-31 22:00:00,27.81095134178,-89.16692716442
CARTHE_259,2012-07-31 22:15:00,27.81044187306,-89.17014954046
CARTHE_259,2012-07-31 22:30:00,27.80998965868,-89.17342927603
CARTHE_259,2012-07-31 22:45:00,27.80960917631,-89.17678318339
CARTHE_259,2012-07-31 23:00:00,27.80932795346,-89.1802242663
CARTHE_259,2012-07-31 23:15:00,27.80917296053,-89.18375043997
CARTHE_259,2012-07-31 23:30:00,27.80915863434,-89.18734287119
CARTHE_259,2012-07-31 23:45:00,27.80928607491,-89.19097472921
CARTHE_259,2012-08-01 00:00:00,27.80955465735,-89.19462359626
CARTHE_259,2012-08-01 00:15:00,27.80997659457,-89.19827804882
CARTHE_259,2012-08-01 00:30:00,27.81058120167,-89.20193354661
CARTHE_259,2012-08-01 00:45:00,27.81140345558,-89.20558195948
CARTHE_259,2012-08-01 01:00:00,27.81246520256,-89.20920377545
CARTHE_259,2012-08-01 01:15:00,27.81376400788,-89.21276819226
CARTHE_259,2012-08-01 01:30:00,27.81527669501,-89.21624025029
CARTHE_259,2012-08-01 01:45:00,27.81697084049,-89.21959078113
CARTHE_259,2012-08-01 02:00:00,27.81881304712,-89.22280338049
CARTHE_259,2012-08-01 02:15:00,27.82077081662,-89.22587456638
CARTHE_259,2012-08-01 02:30:00,27.82281390669,-89.22880903186
CARTHE_259,2012-08-01 02:45:00,27.82491994481,-89.23161455954
CARTHE_259,2012-08-01 03:00:00,27.82708045573,-89.23429929382
CARTHE_259,2012-08-01 03:15:00,27.82929986083,-89.23687215502
CARTHE_259,2012-08-01 03:30:00,27.83158630922,-89.23934547178
CARTHE_259,2012-08-01 03:45:00,27.83394002126,-89.24173796913
CARTHE_259,2012-08-01 04:00:00,27.83634584701,-89.24407677889
CARTHE_259,2012-08-01 04:15:00,27.83877413053,-89.24639737941
CARTHE_259,2012-08-01 04:30:00,27.84118944394,-89.24873869985
CARTHE_259,2012-08-01 04:45:00,27.8435614572,-89.25113059331
CARTHE_259,2012-08-01 05:00:00,27.8458712963,-89.25357703588
CARTHE_259,2012-08-01 05:15:00,27.84811120387,-89.25604486144
CARTHE_259,2012-08-01 05:30:00,27.85027950163,-89.25846683841
CARTHE_259,2012-08-01 05:45:00,27.85237397248,-89.26075965888
CARTHE_259,2012-08-01 06:00:00,27.85438687878,-89.26284910291
CARTHE_259,2012-08-01 06:15:00,27.85630367557,-89.2646922825
CARTHE_259,2012-08-01 06:30:00,27.85810497661,-89.26628943396
CARTHE_259,2012-08-01 06:45:00,27.85977014016,-89.26768226207
CARTHE_259,2012-08-01 07:00:00,27.86128125151,-89.26893938307
CARTHE_259,2012-08-01 07:15:00,27.8626265771,-89.27013234863
CARTHE_259,2012-08-01 07:30:00,27.86380317547,-89.27131089124
CARTHE_259,2012-08-01 07:45:00,27.86481803571,-89.27248890348
CARTHE_259,2012-08-01 08:00:00,27.86568684934,-89.27364762066
CARTHE_259,2012-08-01 08:15:00,27.86643076751,-89.27475301153
CARTHE_259,2012-08-01 08:30:00,27.86707221614,-89.27577752893
CARTHE_259,2012-08-01 08:45:00,27.86763136444,-89.27671430929
CARTHE_259,2012-08-01 09:00:00,27.86812431934,-89.27757666299
CARTHE_259,2012-08-01 09:15:00,27.86856309648,-89.2783864819
CARTHE_259,2012-08-01 09:30:00,27.86895629542,-89.2791619982
CARTHE_259,2012-08-01 09:45:00,27.86930884907,-89.27991230512
CARTHE_259,2012-08-01 10:00:00,27.8696214441,-89.28063871385
CARTHE_259,2012-08-01 10:15:00,27.86989158859,-89.28133956001
CARTHE_259,2012-08-01 10:30:00,27.87011510479,-89.28201559367
CARTHE_259,2012-08-01 10:45:00,27.87028426642,-89.28267362493
CARTHE_259,2012-08-01 11:00:00,27.8703819643,-89.28332713795
CARTHE_259,2012-08-01 11:15:00,27.8703773835,-89.28399420085
CARTHE_259,2012-08-01 11:30:00,27.87023173298,-89.28469352997
CARTHE_259,2012-08-01 11:45:00,27.86991614848,-89.28543908143
CARTHE_259,2012-08-01 12:00:00,27.86943190776,-89.28623404272
CARTHE_259,2012-08-01 12:15:00,27.86881710037,-89.28706775437
CARTHE_259,2012-08-01 12:30:00,27.86813130959,-89.28791968959
CARTHE_259,2012-08-01 12:45:00,27.86742624318,-89.28877037283
CARTHE_259,2012-08-01 13:00:00,27.86671945668,-89.28961317444
CARTHE_259,2012-08-01 13:15:00,27.8659845084,-89.29045884729
CARTHE_259,2012-08-01 13:30:00,27.86516203968,-89.29133050167
CARTHE_259,2012-08-01 13:45:00,27.86418609352,-89.29225540744
CARTHE_259,2012-08-01 14:00:00,27.8630120359,-89.29326056919
CARTHE_259,2012-08-01 14:15:00,27.86163341789,-89.2943725312
CARTHE_259,2012-08-01 14:30:00,27.86008278806,-89.29561767344
CARTHE_259,2012-08-01 14:45:00,27.85841837262,-89.29701952134
CARTHE_259,2012-08-01 15:00:00,27.8567033117,-89.29859281409
CARTHE_259,2012-08-01 15:15:00,27.85498699052,-89.30033778475
CARTHE_259,2012-08-01 15:30:00,27.85329506142,-89.30223934179
CARTHE_259,2012-08-01 15:45:00,27.85162758569,-89.30427432702
CARTHE_259,2012-08-01 16:00:00,27.84996115319,-89.30642485458
CARTHE_259,2012-08-01 16:15:00,27.8482532521,-89.3086894224
CARTHE_259,2012-08-01 16:30:00,27.84645068425,-89.31108343627
CARTHE_259,2012-08-01 16:45:00,27.84450411555,-89.3136282022
CARTHE_259,2012-08-01 17:00:00,27.84238644529,-89.31633546547
CARTHE_259,2012-08-01 17:15:00,27.84010837048,-89.31919685024
CARTHE_259,2012-08-01 17:30:00,27.83772391557,-89.32218368915
CARTHE_259,2012-08-01 17:45:00,27.83532068142,-89.32525718024
CARTHE_259,2012-08-01 18:00:00,27.8329944057,-89.32838326963
CARTHE_259,2012-08-01 18:15:00,27.83081545357,-89.3315435667
CARTHE_259,2012-08-01 18:30:00,27.82880307557,-89.33473626839
CARTHE_259,2012-08-01 18:45:00,27.82692365777,-89.33796711587
CARTHE_259,2012-08-01 19:00:00,27.82511634624,-89.34123648996
CARTHE_259,2012-08-01 19:15:00,27.82333148093,-89.34453152467
CARTHE_259,2012-08-01 19:30:00,27.82155933121,-89.3478278038
CARTHE_259,2012-08-01 19:45:00,27.81983385269,-89.35109779916
CARTHE_259,2012-08-01 20:00:00,27.81821198729,-89.35431989157
CARTHE_259,2012-08-01 20:15:00,27.81674256287,-89.35748315452
CARTHE_259,2012-08-01 20:30:00,27.81544305398,-89.36058669046
CARTHE_259,2012-08-01 20:45:00,27.81429504338,-89.36363613281
CARTHE_259,2012-08-01 21:00:00,27.81325563427,-89.36664049301
CARTHE_259,2012-08-01 21:15:00,27.81227431195,-89.36961085294
CARTHE_259,2012-08-01 21:30:00,27.81130752267,-89.37256084988
CARTHE_259,2012-08-01 21:45:00,27.81032936951,-89.37550727494
CARTHE_259,2012-08-01 22:00:00,27.80933863293,-89.37846775407
CARTHE_259,2012-08-01 22:15:00,27.80836017952,-89.38145415731
CARTHE_259,2012-08-01 22:30:00,27.80743968988,-89.384466279
CARTHE_259,2012-08-01 22:45:00,27.80663412917,-89.38749220166
CARTHE_259,2012-08-01 23:00:00,27.80600060348,-89.39051539205
CARTHE_259,2012-08-01 23:15:00,27.80558414804,-89.39352289422
CARTHE_259,2012-08-01 23:30:00,27.80540551129,-89.39650978364
CARTHE_259,2012-08-01 23:45:00,27.80545402504,-89.39947854329
CARTHE_259,2012-08-02 00:00:00,27.80569155602,-89.40243446678
CARTHE_259,2012-08-02 00:15:00,27.80606690623,-89.40538013342
CARTHE_259,2012-08-02 00:30:00,27.80653203012,-89.40831303231
CARTHE_259,2012-08-02 00:45:00,27.80705119592,-89.4112285833
CARTHE_259,2012-08-02 01:00:00,27.80760090823,-89.41412519417
CARTHE_259,2012-08-02 01:15:00,27.80816461467,-89.41700530279
CARTHE_259,2012-08-02 01:30:00,27.80872765102,-89.41987014107
CARTHE_259,2012-08-02 01:45:00,27.80927610038,-89.42271107523
CARTHE_259,2012-08-02 02:00:00,27.80979996299,-89.4255029456
CARTHE_259,2012-08-02 02:15:00,27.81029722353,-89.42820417218
CARTHE_259,2012-08-02 02:30:00,27.81077490468,-89.4307654664
CARTHE_259,2012-08-02 02:45:00,27.81124688749,-89.43314444451
CARTHE_259,2012-08-02 03:00:00,27.81173089304,-89.43531888693
CARTHE_259,2012-08-02 03:15:00,27.81224518485,-89.43729128989
CARTHE_259,2012-08-02 03:30:00,27.81280362437,-89.43908324531
CARTHE_259,2012-08-02 03:45:00,27.8134099835,-89.44072420666
CARTHE_259,2012-08-02 04:00:00,27.81405529227,-89.44224042948
CARTHE_259,2012-08-02 04:15:00,27.81472106155,-89.44364739402
CARTHE_259,2012-08-02 04:30:00,27.81538698269,-89.44494653981
CARTHE_259,2012-08-02 04:45:00,27.81603819126,-89.4461266614
CARTHE_259,2012-08-02 05:00:00,27.81666775519,-89.4471691527
CARTHE_259,2012-08-02 05:15:00,27.81727351102,-89.44805485498
CARTHE_259,2012-08-02 05:30:00,27.81785180175,-89.44877031636
CARTHE_259,2012-08-02 05:45:00,27.81839182249,-89.44931196887
CARTHE_259,2012-08-02 06:00:00,27.81887385172,-89.44968761687
CARTHE_259,2012-08-02 06:15:00,27.8192733294,-89.44991501079
CARTHE_259,2012-08-02 06:30:00,27.81956955942,-89.45001740578
CARTHE_259,2012-08-02 06:45:00,27.81975380345,-89.45001701354
CARTHE_259,2012-08-02 07:00:00,27.81983012383,-89.44992851285
CARTHE_259,2012-08-02 07:15:00,27.81980666431,-89.44975596174
CARTHE_259,2012-08-02 07:30:00,27.81968339604,-89.44949677135
CARTHE_259,2012-08-02 07:45:00,27.81944565483,-89.44915155237
CARTHE_259,2012-08-02 08:00:00,27.81906755139,-89.44873249319
CARTHE_259,2012-08-02 08:15:00,27.81852203582,-89.44826325805
CARTHE_259,2012-08-02 08:30:00,27.81779092829,-89.44776983336
CARTHE_259,2012-08-02 08:45:00,27.81687052145,-89.44726901845
CARTHE_259,2012-08-02 09:00:00,27.81577218824,-89.44676297922
CARTHE_259,2012-08-02 09:15:00,27.81451854157,-89.44624284744
CARTHE_259,2012-08-02 09:30:00,27.81313592628,-89.44569791623
CARTHE_259,2012-08-02 09:45:00,27.81164600077,-89.44512458047
CARTHE_259,2012-08-02 10:00:00,27.81006065986,-89.44453020155
CARTHE_259,2012-08-02 10:15:00,27.80838256419,-89.44393063288
CARTHE_259,2012-08-02 10:30:00,27.80660993408,-89.44334408377
CARTHE_259,2012-08-02 10:45:00,27.80474292885,-89.44278577357
CARTHE_259,2012-08-02 11:00:00,27.80278774807,-89.44226716032
CARTHE_259,2012-08-02 11:15:00,27.80075417773,-89.44180002407
CARTHE_259,2012-08-02 11:30:00,27.79864762523,-89.44140142679
CARTHE_259,2012-08-02 11:45:00,27.79646341883,-89.44109493062
CARTHE_259,2012-08-02 12:00:00,27.79418996323,-89.44090678122
CARTHE_259,2012-08-02 12:15:00,27.79181916965,-89.44085961777
CARTHE_259,2012-08-02 12:30:00,27.78935558019,-89.44096742627
CARTHE_259,2012-08-02 12:45:00,27.78681584041,-89.44123416853
CARTHE_259,2012-08-02 13:00:00,27.78421847949,-89.44165668903
CARTHE_259,2012-08-02 13:15:00,27.78157290391,-89.44222952214
CARTHE_259,2012-08-02 13:30:00,27.77887625006,-89.44294731273
CARTHE_259,2012-08-02 13:45:00,27.77611958271,-89.44380335385
CARTHE_259,2012-08-02 14:00:00,27.77329821179,-89.44478628078
CARTHE_259,2012-08-02 14:15:00,27.77041801418,-89.44587707737
CARTHE_259,2012-08-02 14:30:00,27.76749329912,-89.44704929676
CARTHE_259,2012-08-02 14:45:00,27.76453935426,-89.44827635879
CARTHE_259,2012-08-02 15:00:00,27.76156616186,-89.44954378762
CARTHE_259,2012-08-02 15:15:00,27.75857701888,-89.45085728893
CARTHE_259,2012-08-02 15:30:00,27.75557193507,-89.45223918804
CARTHE_259,2012-08-02 15:45:00,27.75255296132,-89.45371264148
CARTHE_259,2012-08-02 16:00:00,27.74952758224,-89.45528138924
CARTHE_259,2012-08-02 16:15:00,27.74650803639,-89.4569180841
CARTHE_259,2012-08-02 16:30:00,27.74350799426,-89.45857097166
CARTHE_259,2012-08-02 16:45:00,27.74053949339,-89.46018773569
CARTHE_259,2012-08-02 17:00:00,27.73761123221,-89.46174276267
CARTHE_259,2012-08-02 17:15:00,27.73472801116,-89.46324911329
CARTHE_259,2012-08-02 17:30:00,27.73189010076,-89.46474544982
CARTHE_259,2012-08-02 17:45:00,27.72909089741,-89.46626661216
CARTHE_259,2012-08-02 18:00:00,27.72631387206,-89.46781947275
CARTHE_259,2012-08-02 18:15:00,27.72353379486,-89.4693818566
CARTHE_259,2012-08-02 18:30:00,27.72072676076,-89.4709243615
CARTHE_259,2012-08-02 18:45:00,27.71788568046,-89.47243823852
CARTHE_259,2012-08-02 19:00:00,27.71503026051,-89.47394925663
CARTHE_259,2012-08-02 19:15:00,27.71220351623,-89.47550790881
CARTHE_259,2012-08-02 19:30:00,27.70945717434,-89.47716258879
CARTHE_259,2012-08-02 19:45:00,27.70683512472,-89.47893358699
CARTHE_259,2012-08-02 20:00:00,27.70436284212,-89.48080350312
CARTHE_259,2012-08-02 20:15:00,27.70204497193,-89.4827268368
CARTHE_259,2012-08-02 20:30:00,27.69986805513,-89.48464888713
CARTHE_259,2012-08-02 20:45:00,27.69780409754,-89.48652099929
CARTHE_259,2012-08-02 21:00:00,27.69581362213,-89.48830599464
CARTHE_259,2012-08-02 21:15:00,27.69385025331,-89.48997621995
CARTHE_259,2012-08-02 21:30:00,27.69186953777,-89.49151134028
CARTHE_259,2012-08-02 21:45:00,27.68984157378,-89.49290190636
CARTHE_259,2012-08-02 22:00:00,27.68776186466,-89.4941572292
CARTHE_259,2012-08-02 22:15:00,27.68565326955,-89.4953090347
CARTHE_259,2012-08-02 22:30:00,27.68355744648,-89.49640519331
CARTHE_259,2012-08-02 22:45:00,27.68152119476,-89.49749613236
CARTHE_259,2012-08-02 23:00:00,27.67958442831,-89.49862035255
CARTHE_259,2012-08-02 23:15:00,27.67777294741,-89.49979429641
CARTHE_259,2012-08-02 23:30:00,27.67609559112,-89.50100932805
CARTHE_259,2012-08-02 23:45:00,27.67454451111,-89.50223610188
CARTHE_259,2012-08-03 00:00:00,27.6730982362,-89.50343360291
CARTHE_259,2012-08-03 00:15:00,27.67172809635,-89.50455896581
CARTHE_259,2012-08-03 00:30:00,27.67040859599,-89.50557633969
CARTHE_259,2012-08-03 00:45:00,27.66912884374,-89.50646432498
CARTHE_259,2012-08-03 01:00:00,27.66789816434,-89.50721976638
CARTHE_259,2012-08-03 01:15:00,27.66674142828,-89.50785579826
CARTHE_259,2012-08-03 01:30:00,27.66568640021,-89.50839505641
CARTHE_259,2012-08-03 01:45:00,27.66475022614,-89.50886068885
CARTHE_259,2012-08-03 02:00:00,27.66393183092,-89.50926773689
CARTHE_259,2012-08-03 02:15:00,27.66321264547,-89.50961721495
CARTHE_259,2012-08-03 02:30:00,27.66256382294,-89.50989480395
CARTHE_259,2012-08-03 02:45:00,27.66195613392,-89.51007450816
CARTHE_259,2012-08-03 03:00:00,27.66136856109,-89.51012576891
CARTHE_259,2012-08-03 03:15:00,27.66079248885,-89.51002134548
CARTHE_259,2012-08-03 03:30:00,27.66023068912,-89.50974370817
CARTHE_259,2012-08-03 03:45:00,27.65969248935,-89.50928877621
CARTHE_259,2012-08-03 04:00:00,27.65918671751,-89.50866580969
CARTHE_259,2012-08-03 04:15:00,27.65871384206,-89.50789385068
CARTHE_259,2012-08-03 04:30:00,27.65826038059,-89.5069973612
CARTHE_259,2012-08-03 04:45:00,27.65779980091,-89.50600252467
CARTHE_259,2012-08-03 05:00:00,27.6573008109,-89.5049338492
CARTHE_259,2012-08-03 05:15:00,27.65673877255,-89.50381112187
CARTHE_259,2012-08-03 05:30:00,27.65610405963,-89.50264673276
CARTHE_259,2012-08-03 05:45:00,27.65540282007,-89.50144331556
CARTHE_259,2012-08-03 06:00:00,27.6546498946,-89.50019287939
CARTHE_259,2012-08-03 06:15:00,27.65385845173,-89.49887892316
CARTHE_259,2012-08-03 06:30:00,27.6530318507,-89.49748144863
CARTHE_259,2012-08-03 06:45:00,27.65216096035,-89.4959831481
CARTHE_259,2012-08-03 07:00:00,27.6512275896,-89.49437463832
CARTHE_259,2012-08-03 07:15:00,27.65021190966,-89.49265785818
CARTHE_259,2012-08-03 07:30:00,27.64909925794,-89.49084714986
CARTHE_259,2012-08-03 07:45:00,27.64788241766,-89.48896664251
CARTHE_259,2012-08-03 08:00:00,27.64656002187,-89.48704335906
CARTHE_259,2012-08-03 08:15:00,27.6451358406,-89.48509837054
CARTHE_259,2012-08-03 08:30:00,27.6436218579,-89.4831400748
CARTHE_259,2012-08-03 08:45:00,27.64204144529,-89.48116294683
CARTHE_259,2012-08-03 09:00:00,27.6404264151,-89.47915306098
CARTHE_259,2012-08-03 09:15:00,27.63880752032,-89.47709785519
CARTHE_259,2012-08-03 09:30:00,27.6372041296,-89.47499416593
CARTHE_259,2012-08-03 09:45:00,27.63561943794,-89.47284986344
CARTHE_259,2012-08-03 10:00:00,27.63404365022,-89.47067829059
CARTHE_259,2012-08-03 10:15:00,27.63246290348,-89.46848827595
CARTHE_259,2012-08-03 10:30:00,27.63086875493,-89.46627626976
CARTHE_259,2012-08-03 10:45:00,27.62926394183,-89.46402720435
CARTHE_259,2012-08-03 11:00:00,27.627662916,-89.46172468382
CARTHE_259,2012-08-03 11:15:00,27.62608680853,-89.45936402143
CARTHE_259,2012-08-03 11:30:00,27.6245544427,-89.45695966394
CARTHE_259,2012-08-03 11:45:00,27.6230745687,-89.45454198536
CARTHE_259,2012-08-03 12:00:00,27.6216437621,-89.45214495582
CARTHE_259,2012-08-03 12:15:00,27.62024901786,-89.44979204927
CARTHE_259,2012-08-03 12:30:00,27.6188718562,-89.4474884818
CARTHE_259,2012-08-03 12:45:00,27.61749222667,-89.4452224547
CARTHE_259,2012-08-03 13:00:00,27.61609120289,-89.44297283653
CARTHE_259,2012-08-03 13:15:00,27.61465219279,-89.44071989169
CARTHE_259,2012-08-03 13:30:00,27.61316243382,-89.43845520164
CARTHE_259,2012-08-03 13:45:00,27.61161680689,-89.43618563212
CARTHE_259,2012-08-03 14:00:00,27.61002341416,-89.43392783705
CARTHE_259,2012-08-03 14:15:00,27.60840700275,-89.4316955087
CARTHE_259,2012-08-03 14:30:00,27.60680570884,-89.42948673462
CARTHE_259,2012-08-03 14:45:00,27.60525995792,-89.42727929069
CARTHE_259,2012-08-03 15:00:00,27.60379792181,-89.42503643017
CARTHE_259,2012-08-03 15:15:00,27.60242525768,-89.42271822015
CARTHE_259,2012-08-03 15:30:00,27.60112398249,-89.42029103831
CARTHE_259,2012-08-03 15:45:00,27.59986001422,-89.41773175353
CARTHE_259,2012-08-03 16:00:00,27.59859613756,-89.41502750007
CARTHE_259,2012-08-03 16:15:00,27.59730549609,-89.41217340432
CARTHE_259,2012-08-03 16:30:00,27.59597962426,-89.4091700044
CARTHE_259,2012-08-03 16:45:00,27.59462737755,-89.40602092797
CARTHE_259,2012-08-03 17:00:00,27.59326628869,-89.40273116381
CARTHE_259,2012-08-03 17:15:00,27.59191220591,-89.399307115
CARTHE_259,2012-08-03 17:30:00,27.59057357266,-89.39575920426
CARTHE_259,2012-08-03 17:45:00,27.58925242274,-89.39210540142
CARTHE_259,2012-08-03 18:00:00,27.58794877793,-89.38837233005
CARTHE_259,2012-08-03 18:15:00,27.58666350119,-89.3845917619
CARTHE_259,2012-08-03 18:30:00,27.58539694445,-89.38079354206
CARTHE_259,2012-08-03 18:45:00,27.58414471076,-89.37699858599
CARTHE_259,2012-08-03 19:00:00,27.58289506211,-89.37321548188
CARTHE_259,2012-08-03 19:15:00,27.58163216171,-89.36944169424
CARTHE_259,2012-08-03 19:30:00,27.5803444412,-89.36566724806
CARTHE_259,2012-08-03 19:45:00,27.57903214266,-89.36187854968
CARTHE_259,2012-08-03 20:00:00,27.57770842509,-89.35806148323
CARTHE_259,2012-08-03 20:15:00,27.57639369312,-89.35420354632
CARTHE_259,2012-08-03 20:30:00,27.57510751755,-89.35029595793
CARTHE_259,2012-08-03 20:45:00,27.57386274705,-89.3463376399
CARTHE_259,2012-08-03 21:00:00,27.57266351914,-89.3423403806
CARTHE_259,2012-08-03 21:15:00,27.57150715772,-89.33833065227
CARTHE_259,2012-08-03 21:30:00,27.57038901625,-89.3343435693
CARTHE_259,2012-08-03 21:45:00,27.56930754061,-89.33040996044
CARTHE_259,2012-08-03 22:00:00,27.56826679223,-89.3265441571
CARTHE_259,2012-08-03 22:15:00,27.5672761129,-89.32274026502
CARTHE_259,2012-08-03 22:30:00,27.56634800298,-89.31897824439
CARTHE_259,2012-08-03 22:45:00,27.56549502004,-89.31523517112
CARTHE_259,2012-08-03 23:00:00,27.56472719444,-89.31149561888
CARTHE_259,2012-08-03 23:15:00,27.56405221445,-89.30775699785
CARTHE_259,2012-08-03 23:30:00,27.56347806921,-89.30402832814
CARTHE_259,2012-08-03 23:45:00,27.56301411434,-89.30032376275
CARTHE_259,2012-08-04 00:00:00,27.5626675409,-89.29665508436
CARTHE_259,2012-08-04 00:15:00,27.56243769202,-89.293027638
CARTHE_259,2012-08-04 00:30:00,27.56231339577,-89.28944055216
CARTHE_259,2012-08-04 00:45:00,27.56227532528,-89.28588872367
CARTHE_259,2012-08-04 01:00:00,27.56230113165,-89.28236429188
CARTHE_259,2012-08-04 01:15:00,27.56237040858,-89.27885715351
CARTHE_259,2012-08-04 01:30:00,27.56246813277,-89.27535553504
CARTHE_259,2012-08-04 01:45:00,27.56258597474,-89.27184775532
CARTHE_259,2012-08-04 02:00:00,27.56272149737,-89.26832483684
CARTHE_259,2012-08-04 02:15:00,27.56287638092,-89.26478267028
CARTHE_259,2012-08-04 02:30:00,27.56305452358,-89.26122302761
CARTHE_259,2012-08-04 02:45:00,27.56326007172,-89.25765317253
CARTHE_259,2012-08-04 03:00:00,27.56349583272,-89.25408347854
CARTHE_259,2012-08-04 03:15:00,27.5637623611,-89.25052296274
CARTHE_259,2012-08-04 03:30:00,27.56405716336,-89.24697448378
CARTHE_259,2012-08-04 03:45:00,27.56437414913,-89.24343233694
CARTHE_259,2012-08-04 04:00:00,27.56470449437,-89.23988438827
CARTHE_259,2012-08-04 04:15:00,27.56503951646,-89.23631860485
CARTHE_259,2012-08-04 04:30:00,27.56537426127,-89.23273048789
CARTHE_259,2012-08-04 04:45:00,27.56571017752,-89.22912695512
CARTHE_259,2012-08-04 05:00:00,27.56605626915,-89.22552510525
CARTHE_259,2012-08-04 05:15:00,27.56642753882,-89.22194743155
CARTHE_259,2012-08-04 05:30:00,27.56684021613,-89.21841552404
CARTHE_259,2012-08-04 05:45:00,27.5673063183,-89.21494363539
CARTHE_259,2012-08-04 06:00:00,27.56783099986,-89.21153366888
CARTHE_259,2012-08-04 06:15:00,27.56841400973,-89.20817361945
CARTHE_259,2012-08-04 06:30:00,27.56905334652,-89.20484059871
CARTHE_259,2012-08-04 06:45:00,27.56974781354,-89.20150740268
CARTHE_259,2012-08-04 07:00:00,27.57049715715,-89.19815008382
CARTHE_259,2012-08-04 07:15:00,27.57130157697,-89.19475343246
CARTHE_259,2012-08-04 07:30:00,27.57216280516,-89.19131196169
CARTHE_259,2012-08-04 07:45:00,27.57308531838,-89.18782604753
CARTHE_259,2012-08-04 08:00:00,27.57407434547,-89.18429635573
CARTHE_259,2012-08-04 08:15:00,27.57513133097,-89.18072168943
CARTHE_259,2012-08-04 08:30:00,27.576251309,-89.1771015134
CARTHE_259,2012-08-04 08:45:00,27.57742406462,-89.17343938601
CARTHE_259,2012-08-04 09:00:00,27.57863687312,-89.16974370335
CARTHE_259,2012-08-04 09:15:00,27.5798766673,-89.1660250857
CARTHE_259,2012-08-04 09:30:00,27.58113108083,-89.16229136588
CARTHE_259,2012-08-04 09:45:00,27.58238854705,-89.15854308421
CARTHE_259,2012-08-04 10:00:00,27.58363853364,-89.15477377669
CARTHE_259,2012-08-04 10:15:00,27.58487366325,-89.15097675734
CARTHE_259,2012-08-04 10:30:00,27.58609321306,-89.14715519887
CARTHE_259,2012-08-04 10:45:00,27.58730422011,-89.14332819131
CARTHE_259,2012-08-04 11:00:00,27.58851741244,-89.1395273294
CARTHE_259,2012-08-04 11:15:00,27.58973992334,-89.13578599572
CARTHE_259,2012-08-04 11:30:00,27.59096971932,-89.13212867851
CARTHE_259,2012-08-04 11:45:00,27.59219567869,-89.12856616299
CARTHE_259,2012-08-04 12:00:00,27.59340366863,-89.12509761023
CARTHE_259,2012-08-04 12:15:00,27.59458436523,-89.12171664369
CARTHE_259,2012-08-04 12:30:00,27.59573701578,-89.11841771763
CARTHE_259,2012-08-04 12:45:00,27.59686758101,-89.11519956034
CARTHE_259,2012-08-04 13:00:00,27.59798460437,-89.11206335565
CARTHE_259,2012-08-04 13:15:00,27.59909564456,-89.10900703668
CARTHE_259,2012-08-04 13:30:00,27.60020464157,-89.10602042606
CARTHE_259,2012-08-04 13:45:00,27.60131060566,-89.10308436699
CARTHE_259,2012-08-04 14:00:00,27.60240791642,-89.10017363835
CARTHE_259,2012-08-04 14:15:00,27.60348817224,-89.09726286595
CARTHE_259,2012-08-04 14:30:00,27.60454452397,-89.09433411096
CARTHE_259,2012-08-04 14:45:00,27.6055782848,-89.09138283657
CARTHE_259,2012-08-04 15:00:00,27.60660472292,-89.08841937258
CARTHE_259,2012-08-04 15:15:00,27.60765342722,-89.08546573844
CARTHE_259,2012-08-04 15:30:00,27.60875759402,-89.08255016614
CARTHE_259,2012-08-04 15:45:00,27.60993100563,-89.0797017947
CARTHE_259,2012-08-04 16:00:00,27.61114431728,-89.07694516509
CARTHE_259,2012-08-04 16:15:00,27.61231965628,-89.07429236664
CARTHE_259,2012-08-04 16:30:00,27.61335283767,-89.07173339928
CARTHE_259,2012-08-04 16:45:00,27.6141542018,-89.06922951164
CARTHE_259,2012-08-04 17:00:00,27.61468714373,-89.06671548165
CARTHE_259,2012-08-04 17:15:00,27.61498423487,-89.06411377125
CARTHE_259,2012-08-04 17:30:00,27.61513235043,-89.06135763084
CARTHE_259,2012-08-04 17:45:00,27.6152335204,-89.05841438699
CARTHE_259,2012-08-04 18:00:00,27.61535927521,-89.05529869771
CARTHE_259,2012-08-04 18:15:00,27.61551930933,-89.05206966373
CARTHE_259,2012-08-04 18:30:00,27.61566131914,-89.04881170258
CARTHE_259,2012-08-04 18:45:00,27.61570513378,-89.04560572766
CARTHE_259,2012-08-04 19:00:00,27.61559240715,-89.04250265933
CARTHE_259,2012-08-04 19:15:00,27.61532172846,-89.03951119614
CARTHE_259,2012-08-04 19:30:00,27.61495104674,-89.03660415314
CARTHE_259,2012-08-04 19:45:00,27.61457193903,-89.03373782323
CARTHE_259,2012-08-04 20:00:00,27.61427311321,-89.03087303859
CARTHE_259,2012-08-04 20:15:00,27.61411038109,-89.02798769104
CARTHE_259,2012-08-04 20:30:00,27.61409413198,-89.02507772885
CARTHE_259,2012-08-04 20:45:00,27.61419677656,-89.02215220965
CARTHE_259,2012-08-04 21:00:00,27.61437343713,-89.01922948912
CARTHE_259,2012-08-04 21:15:00,27.61458312156,-89.01633527428
CARTHE_259,2012-08-04 21:30:00,27.61479877257,-89.01349916389
CARTHE_259,2012-08-04 21:45:00,27.61500330001,-89.01074910723
CARTHE_259,2012-08-04 22:00:00,27.61518040126,-89.0081069972
CARTHE_259,2012-08-04 22:15:00,27.61531283917,-89.00558816422
CARTHE_259,2012-08-04 22:30:00,27.61539146943,-89.00320481298
CARTHE_259,2012-08-04 22:45:00,27.61542605891,-89.00097189184
CARTHE_259,2012-08-04 23:00:00,27.6154468121,-88.99891173849
CARTHE_259,2012-08-04 23:15:00,27.615493672,-88.99705054589
CARTHE_259,2012-08-04 23:30:00,27.61559998323,-88.99540248434
CARTHE_259,2012-08-04 23:45:00,27.61578155066,-88.99394867963
CARTHE_259,2012-08-05 00:00:00,27.61603791113,-88.99262869189
CARTHE_259,2012-08-05 00:15:00,27.61636219581,-88.99135736765
CARTHE_259,2012-08-05 00:30:00,27.61675068803,-88.99005958309
CARTHE_259,2012-08-05 00:45:00,27.61720768085,-88.98870106613
CARTHE_259,2012-08-05 01:00:00,27.61774675575,-88.98729770327
CARTHE_259,2012-08-05 01:15:00,27.61839027746,-88.98589940771
CARTHE_259,2012-08-05 01:30:00,27.6191672879,-88.98456019863
CARTHE_259,2012-08-05 01:45:00,27.62010778486,-88.9833139817
CARTHE_259,2012-08-05 02:00:00,27.62123128825,-88.98216736448
CARTHE_259,2012-08-05 02:15:00,27.62253289953,-88.98110595549
CARTHE_259,2012-08-05 02:30:00,27.62397597939,-88.98010244831
CARTHE_259,2012-08-05 02:45:00,27.62549838803,-88.97911976081
CARTHE_259,2012-08-05 03:00:00,27.62702926283,-88.97811380669
CARTHE_259,2012-08-05 03:15:00,27.62850643107,-88.97704241676
CARTHE_259,2012-08-05 03:30:00,27.62988779408,-88.9758794395
CARTHE_259,2012-08-05 03:45:00,27.63115803437,-88.97462729544
CARTHE_259,2012-08-05 04:00:00,27.63233288674,-88.97332063594
CARTHE_259,2012-08-05 04:15:00,27.63345747352,-88.97201767136
CARTHE_259,2012-08-05 04:30:00,27.63459449602,-88.97078164172
CARTHE_259,2012-08-05 04:45:00,27.63580367945,-88.96965820181
CARTHE_259,2012-08-05 05:00:00,27.63712023656,-88.96865652636
CARTHE_259,2012-08-05 05:15:00,27.63854359782,-88.96774243201
CARTHE_259,2012-08-05 05:30:00,27.64004314639,-88.96684782072
CARTHE_259,2012-08-05 05:45:00,27.64157642823,-88.96589497111
CARTHE_259,2012-08-05 06:00:00,27.64310812123,-88.96482724841
CARTHE_259,2012-08-05 06:15:00,27.6446206673,-88.96363049289
CARTHE_259,2012-08-05 06:30:00,27.6461138852,-88.96233191102
CARTHE_259,2012-08-05 06:45:00,27.6475954139,-88.96097964885
CARTHE_259,2012-08-05 07:00:00,27.64906761804,-88.95961854788
CARTHE_259,2012-08-05 07:15:00,27.65051789795,-88.95827518833
CARTHE_259,2012-08-05 07:30:00,27.65191779857,-88.95695602719
CARTHE_259,2012-08-05 07:45:00,27.65323352827,-88.95565528299
CARTHE_259,2012-08-05 08:00:00,27.65444374882,-88.95436618722
CARTHE_259,2012-08-05 08:15:00,27.65555243719,-88.95308928416
CARTHE_259,2012-08-05 08:30:00,27.65658588796,-88.95183447652
CARTHE_259,2012-08-05 08:45:00,27.6575752142,-88.95061892207
CARTHE_259,2012-08-05 09:00:00,27.65853747014,-88.94946522058
CARTHE_259,2012-08-05 09:15:00,27.65946896118,-88.94840052235
CARTHE_259,2012-08-05 09:30:00,27.66035449769,-88.94745367653
CARTHE_259,2012-08-05 09:45:00,27.66118595721,-88.94664891094
CARTHE_259,2012-08-05 10:00:00,27.66197810096,-88.94599821216
CARTHE_259,2012-08-05 10:15:00,27.66277104427,-88.94549624495
CARTHE_259,2012-08-05 10:30:00,27.66361770809,-88.94512044279
CARTHE_259,2012-08-05 10:45:00,27.66456425708,-88.94483655495
CARTHE_259,2012-08-05 11:00:00,27.66563468141,-88.94460771051
CARTHE_259,2012-08-05 11:15:00,27.66682672844,-88.94440322013
CARTHE_259,2012-08-05 11:30:00,27.66811907895,-88.94420368122
CARTHE_259,2012-08-05 11:45:00,27.66948318587,-88.94400165809
CARTHE_259,2012-08-05 12:00:00,27.67089146,-88.94379897729
CARTHE_259,2012-08-05 12:15:00,27.67231887003,-88.94360186198
CARTHE_259,2012-08-05 12:30:00,27.67374188272,-88.94341562225
CARTHE_259,2012-08-05 12:45:00,27.67513936705,-88.94324167387
CARTHE_259,2012-08-05 13:00:00,27.67649545798,-88.94307840382
CARTHE_259,2012-08-05 13:15:00,27.67780108867,-88.94292462998
CARTHE_259,2012-08-05 13:30:00,27.67905292252,-88.94278387128
CARTHE_259,2012-08-05 13:45:00,27.68025140706,-88.94266847264
CARTHE_259,2012-08-05 14:00:00,27.68139949003,-88.94260115867
CARTHE_259,2012-08-05 14:15:00,27.68250153122,-88.94260966213
CARTHE_259,2012-08-05 14:30:00,27.68356110756,-88.94271171798
CARTHE_259,2012-08-05 14:45:00,27.6845783476,-88.94289416563
CARTHE_259,2012-08-05 15:00:00,27.68554983065,-88.9430989226
CARTHE_259,2012-08-05 15:15:00,27.68647405176,-88.94323177668
CARTHE_259,2012-08-05 15:30:00,27.68736075246,-88.94319859311
CARTHE_259,2012-08-05 15:45:00,27.68823380769,-88.94295257354
CARTHE_259,2012-08-05 16:00:00,27.68911823406,-88.94252195783
CARTHE_259,2012-08-05 16:15:00,27.69002079097,-88.94199675601
CARTHE_259,2012-08-05 16:30:00,27.69092417572,-88.94148424116
CARTHE_259,2012-08-05 16:45:00,27.69179848797,-88.94106338508
CARTHE_259,2012-08-05 17:00:00,27.69261675371,-88.94076028624
CARTHE_259,2012-08-05 17:15:00,27.69336271605,-88.94054872018
CARTHE_259,2012-08-05 17:30:00,27.69402822331,-88.94036980026
CARTHE_259,2012-08-05 17:45:00,27.69460349299,-88.94016254904
CARTHE_259,2012-08-05 18:00:00,27.69506681962,-88.93989629618
CARTHE_259,2012-08-05 18:15:00,27.69538184682,-88.93959342532
CARTHE_259,2012-08-05 18:30:00,27.69550684138,-88.93933073223
CARTHE_259,2012-08-05 18:45:00,27.69541318988,-88.93921403416
CARTHE_259,2012-08-05 19:00:00,27.69510440576,-88.93933314516
CARTHE_259,2012-08-05 19:15:00,27.69462413834,-88.93971887315
CARTHE_259,2012-08-05 19:30:00,27.69404550795,-88.94032921965
CARTHE_259,2012-08-05 19:45:00,27.69344588091,-88.94107417698
CARTHE_259,2012-08-05 20:00:00,27.69288221426,-88.94185729003
CARTHE_259,2012-08-05 20:15:00,27.69238072254,-88.94260499331
CARTHE_259,2012-08-05 20:30:00,27.69194361496,-88.94327934111
CARTHE_259,2012-08-05 20:45:00,27.691564277,-88.9438860083
CARTHE_259,2012-08-05 21:00:00,27.69123796223,-88.94447699636
CARTHE_259,2012-08-05 21:15:00,27.6909623408,-88.94513397353
CARTHE_259,2012-08-05 21:30:00,27.69073328207,-88.94593162676
CARTHE_259,2012-08-05 21:45:00,27.6905433926,-88.94690376984
CARTHE_259,2012-08-05 22:00:00,27.69038438718,-88.94803611865
CARTHE_259,2012-08-05 22:15:00,27.69024874331,-88.94928860435
CARTHE_259,2012-08-05 22:30:00,27.69012550613,-88.95062774965
CARTHE_259,2012-08-05 22:45:00,27.68999020468,-88.95204683248
CARTHE_259,2012-08-05 23:00:00,27.68979739158,-88.95356461103
CARTHE_259,2012-08-05 23:15:00,27.68948678373,-88.95520677945
CARTHE_259,2012-08-05 23:30:00,27.68900562805,-88.9569818087
CARTHE_259,2012-08-05 23:45:00,27.68833788178,-88.9588640161
CARTHE_259,2012-08-06 00:00:00,27.68752384319,-88.96079229295
CARTHE_259,2012-08-06 00:15:00,27.686655593,-88.96268738056
CARTHE_259,2012-08-06 00:30:00,27.68584545122,-88.96448376856
CARTHE_259,2012-08-06 00:45:00,27.68518182958,-88.96616230985
CARTHE_259,2012-08-06 01:00:00,27.68469590616,-88.96776474631
CARTHE_259,2012-08-06 01:15:00,27.68435648805,-88.96937752283
CARTHE_259,2012-08-06 01:30:00,27.68409443861,-88.97108819198
CARTHE_259,2012-08-06 01:45:00,27.68384184033,-88.97293785576
CARTHE_259,2012-08-06 02:00:00,27.6835637487,-88.97489970414
CARTHE_259,2012-08-06 02:15:00,27.68326621978,-88.97689946953
CARTHE_259,2012-08-06 02:30:00,27.68297886311,-88.97886802519
CARTHE_259,2012-08-06 02:45:00,27.68272688379,-88.98078948546
CARTHE_259,2012-08-06 03:00:00,27.68251457034,-88.98270707117
CARTHE_259,2012-08-06 03:15:00,27.68233074373,-88.9846853321
CARTHE_259,2012-08-06 03:30:00,27.68216693445,-88.98676239905
CARTHE_259,2012-08-06 03:45:00,27.68203150163,-88.98892644693
CARTHE_259,2012-08-06 04:00:00,27.6819509878,-88.99112575219
CARTHE_259,2012-08-06 04:15:00,27.6819599676,-88.99329881589
CARTHE_259,2012-08-06 04:30:00,27.68208710758,-88.99540252654
CARTHE_259,2012-08-06 04:45:00,27.68234732613,-88.99742158298
CARTHE_259,2012-08-06 05:00:00,27.68274457677,-88.99935767634
CARTHE_259,2012-08-06 05:15:00,27.68328007428,-89.0012105371
CARTHE_259,2012-08-06 05:30:00,27.68395544977,-89.00296604863
CARTHE_259,2012-08-06 05:45:00,27.68476494162,-89.00460011705
CARTHE_259,2012-08-06 06:00:00,27.68568235592,-89.00609578452
CARTHE_259,2012-08-06 06:15:00,27.68665650214,-89.00746126922
CARTHE_259,2012-08-06 06:30:00,27.68762244112,-89.00873454605
CARTHE_259,2012-08-06 06:45:00,27.68852053025,-89.0099685563
CARTHE_259,2012-08-06 07:00:00,27.68930952475,-89.01120533941
CARTHE_259,2012-08-06 07:15:00,27.68996783398,-89.01245615859
CARTHE_259,2012-08-06 07:30:00,27.6904867553,-89.01369928988
CARTHE_259,2012-08-06 07:45:00,27.69086253924,-89.01489416769
CARTHE_259,2012-08-06 08:00:00,27.69109160381,-89.01600130452
CARTHE_259,2012-08-06 08:15:00,27.69117084654,-89.01699584053
CARTHE_259,2012-08-06 08:30:00,27.69110286363,-89.01786922553
CARTHE_259,2012-08-06 08:45:00,27.69090132018,-89.01862299474
CARTHE_259,2012-08-06 09:00:00,27.6905896946,-89.01926193498
CARTHE_259,2012-08-06 09:15:00,27.69019227896,-89.01979085995
CARTHE_259,2012-08-06 09:30:00,27.68972259297,-89.02021544884
CARTHE_259,2012-08-06 09:45:00,27.68917569682,-89.02054455951
CARTHE_259,2012-08-06 10:00:00,27.68852934597,-89.02079048675
CARTHE_259,2012-08-06 10:15:00,27.68775440368,-89.0209672088
CARTHE_259,2012-08-06 10:30:00,27.68682943761,-89.02109024307
CARTHE_259,2012-08-06 10:45:00,27.68575214141,-89.02118003725
CARTHE_259,2012-08-06 11:00:00,27.68454234043,-89.02126624145
CARTHE_259,2012-08-06 11:15:00,27.68323607578,-89.02138815735
CARTHE_259,2012-08-06 11:30:00,27.68187503072,-89.02158729997
CARTHE_259,2012-08-06 11:45:00,27.68049701335,-89.02189177375
CARTHE_259,2012-08-06 12:00:00,27.67913091686,-89.02229933496
CARTHE_259,2012-08-06 12:15:00,27.67779625142,-89.0227698378
CARTHE_259,2012-08-06 12:30:00,27.67650467401,-89.02323375962
CARTHE_259,2012-08-06 12:45:00,27.67525966754,-89.02361370268
CARTHE_259,2012-08-06 13:00:00,27.67405231344,-89.02384781447
CARTHE_259,2012-08-06 13:15:00,27.67285623873,-89.02390554083
CARTHE_259,2012-08-06 13:30:00,27.67162887834,-89.02379353028
CARTHE_259,2012-08-06 13:45:00,27.67032290861,-89.02355285284
CARTHE_259,2012-08-06 14:00:00,27.66890269505,-89.02324760133
CARTHE_259,2012-08-06 14:15:00,27.66735544634,-89.02294619002
CARTHE_259,2012-08-06 14:30:00,27.66569065873,-89.02270093311
CARTHE_259,2012-08-06 14:45:00,27.66393063499,-89.02253410501
CARTHE_259,2012-08-06 15:00:00,27.66210001193,-89.02243699364
CARTHE_259,2012-08-06 15:15:00,27.66021922916,-89.02238171443
CARTHE_259,2012-08-06 15:30:00,27.6583018828,-89.0223374276
CARTHE_259,2012-08-06 15:45:00,27.65635460155,-89.02228119202
CARTHE_259,2012-08-06 16:00:00,27.65437918784,-89.0221999529
CARTHE_259,2012-08-06 16:15:00,27.65237758107,-89.02208558356
CARTHE_259,2012-08-06 16:30:00,27.65035885499,-89.02192735448
CARTHE_259,2012-08-06 16:45:00,27.64834457723,-89.02170734166
CARTHE_259,2012-08-06 17:00:00,27.646367559,-89.02140272114
CARTHE_259,2012-08-06 17:15:00,27.64446209441,-89.02099521223
CARTHE_259,2012-08-06 17:30:00,27.64264970701,-89.02048371861
CARTHE_259,2012-08-06 17:45:00,27.64092856338,-89.0198917146
CARTHE_259,2012-08-06 18:00:00,27.63927367776,-89.01926073219
CARTHE_259,2012-08-06 18:15:00,27.63764773568,-89.01863061847
CARTHE_259,2012-08-06 18:30:00,27.6360154094,-89.01801816205
CARTHE_259,2012-08-06 18:45:00,27.63435439359,-89.01740684434
CARTHE_259,2012-08-06 19:00:00,27.63266036368,-89.01675348035
CARTHE_259,2012-08-06 19:15:00,27.63094609077,-89.01600833802
CARTHE_259,2012-08-06 19:30:00,27.62923606143,-89.01513848699
CARTHE_259,2012-08-06 19:45:00,27.62755848085,-89.01414223311
CARTHE_259,2012-08-06 20:00:00,27.62593708199,-89.01304752736
CARTHE_259,2012-08-06 20:15:00,27.62438500954,-89.01189665201
CARTHE_259,2012-08-06 20:30:00,27.62290373874,-89.01072705417
CARTHE_259,2012-08-06 20:45:00,27.62148952116,-89.00955976902
CARTHE_259,2012-08-06 21:00:00,27.62014416528,-89.00840108273
CARTHE_259,2012-08-06 21:15:00,27.61888102469,-89.00725413584
CARTHE_259,2012-08-06 21:30:00,27.61772009665,-89.00613112921
CARTHE_259,2012-08-06 21:45:00,27.61667490073,-89.00505687702
CARTHE_259,2012-08-06 22:00:00,27.61573948493,-89.00405948876
CARTHE_259,2012-08-06 22:15:00,27.61488557802,-89.0031519624
CARTHE_259,2012-08-06 22:30:00,27.61407426637,-89.00231600187
CARTHE_259,2012-08-06 22:45:00,27.61327349619,-89.00150037618
CARTHE_259,2012-08-06 23:00:00,27.61246862833,-89.0006376653
CARTHE_259,2012-08-06 23:15:00,27.61166256826,-88.99967037428
CARTHE_259,2012-08-06 23:30:00,27.61087023123,-88.99857209328
CARTHE_259,2012-08-06 23:45:00,27.61011094326,-88.99735363996
CARTHE_259,2012-08-07 00:00:00,27.60939886716,-88.99605232315
CARTHE_259,2012-08-07 00:15:00,27.60873501651,-88.994711921
CARTHE_259,2012-08-07 00:30:00,27.60810716544,-88.99336670737
CARTHE_259,2012-08-07 00:45:00,27.60749921411,-88.99203762958
CARTHE_259,2012-08-07 01:00:00,27.60690420386,-88.99073680455
CARTHE_259,2012-08-07 01:15:00,27.60633144164,-88.98947251435
CARTHE_259,2012-08-07 01:30:00,27.60580264213,-88.98825214982
CARTHE_259,2012-08-07 01:45:00,27.60534071806,-88.9870851781
CARTHE_259,2012-08-07 02:00:00,27.60495974829,-88.98598643259
CARTHE_259,2012-08-07 02:15:00,27.60466175802,-88.98497565919
CARTHE_259,2012-08-07 02:30:00,27.60443835694,-88.98406970736
CARTHE_259,2012-08-07 02:45:00,27.60427207525,-88.98326988081
CARTHE_259,2012-08-07 03:00:00,27.6041359045,-88.98255297772
CARTHE_259,2012-08-07 03:15:00,27.60399390409,-88.98187316629
CARTHE_259,2012-08-07 03:30:00,27.60380681955,-88.98117366409
CARTHE_259,2012-08-07 03:45:00,27.6035425275,-88.98040128913
CARTHE_259,2012-08-07 04:00:00,27.60318559617,-88.97951795041
CARTHE_259,2012-08-07 04:15:00,27.60273967581,-88.97850627308
CARTHE_259,2012-08-07 04:30:00,27.60222196136,-88.97736887853
CARTHE_259,2012-08-07 04:45:00,27.60165454358,-88.97612277605
CARTHE_259,2012-08-07 05:00:00,27.60105709431,-88.97479070766
CARTHE_259,2012-08-07 05:15:00,27.60044200888,-88.97339155301
CARTHE_259,2012-08-07 05:30:00,27.59981242859,-88.97193383891
CARTHE_259,2012-08-07 05:45:00,27.59916462333,-88.97041565147
CARTHE_259,2012-08-07 06:00:00,27.59849512963,-88.96882924332
CARTHE_259,2012-08-07 06:15:00,27.59780957636,-88.96716476723
CARTHE_259,2012-08-07 06:30:00,27.5971265818,-88.96541026191
CARTHE_259,2012-08-07 06:45:00,27.59647112269,-88.96355134335
CARTHE_259,2012-08-07 07:00:00,27.59585944381,-88.96157474776
CARTHE_259,2012-08-07 07:15:00,27.59528590266,-88.95947488847
CARTHE_259,2012-08-07 07:30:00,27.59472195005,-88.9572595935
CARTHE_259,2012-08-07 07:45:00,27.59412757159,-88.95495168044
CARTHE_259,2012-08-07 08:00:00,27.59346609406,-88.95258464414
CARTHE_259,2012-08-07 08:15:00,27.59271359962,-88.95019284157
CARTHE_259,2012-08-07 08:30:00,27.59186119505,-88.94779987548
CARTHE_259,2012-08-07 08:45:00,27.59091368327,-88.94541036365
CARTHE_259,2012-08-07 09:00:00,27.58988778239,-88.94300911199
CARTHE_259,2012-08-07 09:15:00,27.58880949832,-88.94056866985
CARTHE_259,2012-08-07 09:30:00,27.58770933141,-88.93806066855
CARTHE_259,2012-08-07 09:45:00,27.58661539433,-88.93546382721
CARTHE_259,2012-08-07 10:00:00,27.58554522857,-88.93276541818
CARTHE_259,2012-08-07 10:15:00,27.58449873905,-88.92995828307
CARTHE_259,2012-08-07 10:30:00,27.58345650442,-88.92703808949
CARTHE_259,2012-08-07 10:45:00,27.58238600553,-88.9240040686
CARTHE_259,2012-08-07 11:00:00,27.58125465717,-88.92086177032
CARTHE_259,2012-08-07 11:15:00,27.58004519854,-88.91762362685
CARTHE_259,2012-08-07 11:30:00,27.57876493003,-88.91430646407
CARTHE_259,2012-08-07 11:45:00,27.57744109159,-88.91092910553
CARTHE_259,2012-08-07 12:00:00,27.57610450836,-88.90751098132
CARTHE_259,2012-08-07 12:15:00,27.57477320028,-88.90406897472
CARTHE_259,2012-08-07 12:30:00,27.57344749506,-88.90061042679
CARTHE_259,2012-08-07 12:45:00,27.57211757937,-88.8971252681
CARTHE_259,2012-08-07 13:00:00,27.57077303787,-88.8935843258
CARTHE_259,2012-08-07 13:15:00,27.56940360084,-88.88994938017
CARTHE_259,2012-08-07 13:30:00,27.56799107022,-88.88619305031
CARTHE_259,2012-08-07 13:45:00,27.5665038436,-88.88231761962
CARTHE_259,2012-08-07 14:00:00,27.56490658588,-88.87835953769
CARTHE_259,2012-08-07 14:15:00,27.56318501456,-88.87437343874
CARTHE_259,2012-08-07 14:30:00,27.5613698327,-88.87040043056
CARTHE_259,2012-08-07 14:45:00,27.55954095499,-88.86643494575
CARTHE_259,2012-08-07 15:00:00,27.55780590561,-88.86240861604
CARTHE_259,2012-08-07 15:15:00,27.55626314603,-88.85820426586
CARTHE_259,2012-08-07 15:30:00,27.55497039752,-88.85369916924
CARTHE_259,2012-08-07 15:45:00,27.55393408546,-88.84881977
CARTHE_259,2012-08-07 16:00:00,27.55312226207,-88.84357814713
CARTHE_259,2012-08-07 16:15:00,27.55248901504,-88.83806621363
CARTHE_259,2012-08-07 16:30:00,27.55199410019,-88.83241125316
CARTHE_259,2012-08-07 16:45:00,27.55160954748,-88.82672223114
CARTHE_259,2012-08-07 17:00:00,27.55131565994,-88.82105757526
CARTHE_259,2012-08-07 17:15:00,27.55109478474,-88.81542614087
CARTHE_259,2012-08-07 17:30:00,27.55092938878,-88.80981099173
CARTHE_259,2012-08-07 17:45:00,27.55080417978,-88.80419605372
CARTHE_259,2012-08-07 18:00:00,27.55070793954,-88.79858087806
CARTHE_259,2012-08-07 18:15:00,27.55063247025,-88.79298064515
CARTHE_259,2012-08-07 18:30:00,27.55057019583,-88.78741789406
CARTHE_259,2012-08-07 18:45:00,27.55051335794,-88.7819140632
CARTHE_259,2012-08-07 19:00:00,27.55045608579,-88.77648561071
CARTHE_259,2012-08-07 19:15:00,27.55039757899,-88.77114500986
CARTHE_259,2012-08-07 19:30:00,27.55034269055,-88.76590324717
CARTHE_259,2012-08-07 19:45:00,27.55029851477,-88.76077132643
CARTHE_259,2012-08-07 20:00:00,27.55027118306,-88.7557630444
CARTHE_259,2012-08-07 20:15:00,27.55026981855,-88.75090188156
CARTHE_259,2012-08-07 20:30:00,27.55031830196,-88.74622824052
CARTHE_259,2012-08-07 20:45:00,27.55046452186,-88.74179820009
CARTHE_259,2012-08-07 21:00:00,27.55077330305,-88.73766839003
CARTHE_259,2012-08-07 21:15:00,27.55130092667,-88.73387182433
CARTHE_259,2012-08-07 21:30:00,27.55206826629,-88.73040001158
CARTHE_259,2012-08-07 21:45:00,27.55305460705,-88.72720492053
CARTHE_259,2012-08-07 22:00:00,27.55421605552,-88.72421630356
CARTHE_259,2012-08-07 22:15:00,27.55551155919,-88.72135993499
CARTHE_259,2012-08-07 22:30:00,27.55691684793,-88.71857169747
CARTHE_259,2012-08-07 22:45:00,27.55841998414,-88.71581064277
CARTHE_259,2012-08-07 23:00:00,27.56000638305,-88.71307066247
CARTHE_259,2012-08-07 23:15:00,27.56164493903,-88.71038379079
CARTHE_259,2012-08-07 23:30:00,27.56328315585,-88.70780790907
CARTHE_259,2012-08-07 23:45:00,27.56485482693,-88.70539875726
CARTHE_259,2012-08-08 00:00:00,27.5662990532,-88.70317770148
CARTHE_259,2012-08-08 00:15:00,27.56758355743,-88.70111548733
CARTHE_259,2012-08-08 00:30:00,27.56872029042,-88.69914507466
CARTHE_259,2012-08-08 00:45:00,27.56976294843,-88.69719382203
CARTHE_259,2012-08-08 01:00:00,27.57078645007,-88.69521196084
CARTHE_259,2012-08-08 01:15:00,27.57185962256,-88.69318346511
CARTHE_259,2012-08-08 01:30:00,27.57302486052,-88.69112070865
CARTHE_259,2012-08-08 01:45:00,27.57429240717,-88.68905158502
CARTHE_259,2012-08-08 02:00:00,27.57564799295,-88.68700707367
CARTHE_259,2012-08-08 02:15:00,27.5770659338,-88.68501266163
CARTHE_259,2012-08-08 02:30:00,27.57851876503,-88.68308356939
CARTHE_259,2012-08-08 02:45:00,27.57997917184,-88.68122374727
CARTHE_259,2012-08-08 03:00:00,27.58141739764,-88.6794287603
CARTHE_259,2012-08-08 03:15:00,27.58280141881,-88.67769100399
CARTHE_259,2012-08-08 03:30:00,27.58410363013,-88.67600464557
CARTHE_259,2012-08-08 03:45:00,27.58531061926,-88.67436848461
CARTHE_259,2012-08-08 04:00:00,27.58642975103,-88.67278640883
CARTHE_259,2012-08-08 04:15:00,27.58748883592,-88.67126618323
CARTHE_259,2012-08-08 04:30:00,27.58852877148,-88.66981749487
CARTHE_259,2012-08-08 04:45:00,27.58959200156,-88.66844871171
CARTHE_259,2012-08-08 05:00:00,27.59071076011,-88.66716107015
CARTHE_259,2012-08-08 05:15:00,27.59189820585,-88.66594188438
CARTHE_259,2012-08-08 05:30:00,27.59314467595,-88.66476178153
CARTHE_259,2012-08-08 05:45:00,27.59442091121,-88.6635801947
CARTHE_259,2012-08-08 06:00:00,27.59568854185,-88.66235788501
CARTHE_259,2012-08-08 06:15:00,27.59691503506,-88.66106978529
CARTHE_259,2012-08-08 06:30:00,27.59808724332,-88.65971107408
CARTHE_259,2012-08-08 06:45:00,27.59921566429,-88.65829332136
CARTHE_259,2012-08-08 07:00:00,27.60032460195,-88.65683364901
CARTHE_259,2012-08-08 07:15:00,27.60143267911,-88.65534407578
CARTHE_259,2012-08-08 07:30:00,27.60253596597,-88.65382675977
CARTHE_259,2012-08-08 07:45:00,27.60360474101,-88.65227492781
CARTHE_259,2012-08-08 08:00:00,27.60459625201,-88.65067571593
CARTHE_259,2012-08-08 08:15:00,27.60547616576,-88.64901398804
CARTHE_259,2012-08-08 08:30:00,27.60623655233,-88.64727927805
CARTHE_259,2012-08-08 08:45:00,27.6069014364,-88.64547504962
CARTHE_259,2012-08-08 09:00:00,27.60751815248,-88.6436244702
CARTHE_259,2012-08-08 09:15:00,27.60813839054,-88.6417668023
CARTHE_259,2012-08-08 09:30:00,27.60879604472,-88.63994409434
CARTHE_259,2012-08-08 09:45:00,27.6094904958,-88.63818505629
CARTHE_259,2012-08-08 10:00:00,27.61018293906,-88.63649591097
CARTHE_259,2012-08-08 10:15:00,27.61080861471,-88.63486339413
CARTHE_259,2012-08-08 10:30:00,27.61130051168,-88.6332665764
CARTHE_259,2012-08-08 10:45:00,27.61161434262,-88.63168929191
CARTHE_259,2012-08-08 11:00:00,27.61174412021,-88.63012588415
CARTHE_259,2012-08-08 11:15:00,27.61172234315,-88.62857736733
CARTHE_259,2012-08-08 11:30:00,27.61160601697,-88.62704281061
CARTHE_259,2012-08-08 11:45:00,27.61145562495,-88.62551514587
CARTHE_259,2012-08-08 12:00:00,27.61131639995,-88.62398486889
CARTHE_259,2012-08-08 12:15:00,27.61120999005,-88.62244709823
CARTHE_259,2012-08-08 12:30:00,27.61113888766,-88.62090555712
CARTHE_259,2012-08-08 12:45:00,27.61109806116,-88.61936993765
CARTHE_259,2012-08-08 13:00:00,27.61108414096,-88.61784803064
CARTHE_259,2012-08-08 13:15:00,27.61109595418,-88.61633813587
CARTHE_259,2012-08-08 13:30:00,27.61112851977,-88.61482772069
CARTHE_259,2012-08-08 13:45:00,27.61116812531,-88.61330030061
CARTHE_259,2012-08-08 14:00:00,27.61119408228,-88.61174656497
CARTHE_259,2012-08-08 14:15:00,27.61118625573,-88.6101723631
CARTHE_259,2012-08-08 14:30:00,27.61113273782,-88.60859797174
CARTHE_259,2012-08-08 14:45:00,27.611032416,-88.60704845364
CARTHE_259,2012-08-08 15:00:00,27.61089170244,-88.60554034716
CARTHE_259,2012-08-08 15:15:00,27.61071950801,-88.60407277386
CARTHE_259,2012-08-08 15:30:00,27.61052551392,-88.60262914263
CARTHE_259,2012-08-08 15:45:00,27.61032254144,-88.60118803561
CARTHE_259,2012-08-08 16:00:00,27.61012835755,-88.59973444261
CARTHE_259,2012-08-08 16:15:00,27.60996216732,-88.5982640067
CARTHE_259,2012-08-08 16:30:00,27.60983682762,-88.59678058687
CARTHE_259,2012-08-08 16:45:00,27.60975300043,-88.59529137649
CARTHE_259,2012-08-08 17:00:00,27.60970086189,-88.59380249241
CARTHE_259,2012-08-08 17:15:00,27.60966901642,-88.59231546407
CARTHE_259,2012-08-08 17:30:00,27.60965385939,-88.59082416906
CARTHE_259,2012-08-08 17:45:00,27.60966162091,-88.58931330045
CARTHE_259,2012-08-08 18:00:00,27.60970027282,-88.58776062516
CARTHE_259,2012-08-08 18:15:00,27.60976588365,-88.58614478011
CARTHE_259,2012-08-08 18:30:00,27.60983350897,-88.58445729879
CARTHE_259,2012-08-08 18:45:00,27.60986086735,-88.58271241035
CARTHE_259,2012-08-08 19:00:00,27.60980425634,-88.58094616956
CARTHE_259,2012-08-08 19:15:00,27.60963780828,-88.57920224794
CARTHE_259,2012-08-08 19:30:00,27.60936592785,-88.57751167672
CARTHE_259,2012-08-08 19:45:00,27.60902428388,-88.57587914445
CARTHE_259,2012-08-08 20:00:00,27.60867050765,-88.57428413921
CARTHE_259,2012-08-08 20:15:00,27.60836710484,-88.57269581826
CARTHE_259,2012-08-08 20:30:00,27.6081601815,-88.57109339509
CARTHE_259,2012-08-08 20:45:00,27.60806137056,-88.56948070936
CARTHE_259,2012-08-08 21:00:00,27.60804258932,-88.56788627697
CARTHE_259,2012-08-08 21:15:00,27.6080495225,-88.56634806924
CARTHE_259,2012-08-08 21:30:00,27.60802828602,-88.56489262153
CARTHE_259,2012-08-08 21:45:00,27.60794868722,-88.56352399968
CARTHE_259,2012-08-08 22:00:00,27.60781091851,-88.56223099109
CARTHE_259,2012-08-08 22:15:00,27.60763688857,-88.56100490569
CARTHE_259,2012-08-08 22:30:00,27.60745611649,-88.55985105447
CARTHE_259,2012-08-08 22:45:00,27.60729567674,-88.558783892
CARTHE_259,2012-08-08 23:00:00,27.60717796909,-88.55781247265
CARTHE_259,2012-08-08 23:15:00,27.60712373975,-88.55692979754
CARTHE_259,2012-08-08 23:30:00,27.60715499487,-88.55611279721
CARTHE_259,2012-08-08 23:45:00,27.60729353459,-88.55533206598
CARTHE_259,2012-08-09 00:00:00,27.60755465391,-88.55456595684
CARTHE_259,2012-08-09 00:15:00,27.60793909776,-88.55381091707
CARTHE_259,2012-08-09 00:30:00,27.608427544,-88.55308211881
CARTHE_259,2012-08-09 00:45:00,27.60898162405,-88.55240546885
CARTHE_259,2012-08-09 01:00:00,27.60955373904,-88.55180705452
CARTHE_259,2012-08-09 01:15:00,27.61010391876,-88.55130495514
CARTHE_259,2012-08-09 01:30:00,27.61061672618,-88.55090420937
CARTHE_259,2012-08-09 01:45:00,27.61110840283,-88.55059451499
CARTHE_259,2012-08-09 02:00:00,27.61161790218,-88.55035271688
CARTHE_259,2012-08-09 02:15:00,27.61218496775,-88.55015205066
CARTHE_259,2012-08-09 02:30:00,27.61282785211,-88.54997462057
CARTHE_259,2012-08-09 02:45:00,27.61353458124,-88.54981909838
CARTHE_259,2012-08-09 03:00:00,27.61427238536,-88.54969837108
CARTHE_259,2012-08-09 03:15:00,27.61500710496,-88.54962955734
CARTHE_259,2012-08-09 03:30:00,27.61571923939,-88.54962357753
CARTHE_259,2012-08-09 03:45:00,27.61640856887,-88.54967987235
CARTHE_259,2012-08-09 04:00:00,27.61708796395,-88.54978736169
CARTHE_259,2012-08-09 04:15:00,27.61777250206,-88.54992929265
CARTHE_259,2012-08-09 04:30:00,27.61847048692,-88.55008859017
CARTHE_259,2012-08-09 04:45:00,27.61917993395,-88.55025114172
CARTHE_259,2012-08-09 05:00:00,27.61989030063,-88.55040600998
CARTHE_259,2012-08-09 05:15:00,27.62058688964,-88.55054306027
CARTHE_259,2012-08-09 05:30:00,27.62125503494,-88.55064958716
CARTHE_259,2012-08-09 05:45:00,27.62188224347,-88.55070814342
CARTHE_259,2012-08-09 06:00:00,27.62245793598,-88.55069774284
CARTHE_259,2012-08-09 06:15:00,27.62297163301,-88.55059960661
CARTHE_259,2012-08-09 06:30:00,27.62341109913,-88.55040649632
CARTHE_259,2012-08-09 06:45:00,27.62376204477,-88.55013195337
CARTHE_259,2012-08-09 07:00:00,27.62401046279,-88.54981392689
CARTHE_259,2012-08-09 07:15:00,27.62414752967,-88.54950822513
CARTHE_259,2012-08-09 07:30:00,27.62417540521,-88.54927174184
CARTHE_259,2012-08-09 07:45:00,27.6241108288,-88.54914161154
CARTHE_259,2012-08-09 08:00:00,27.62398323563,-88.54912045588
CARTHE_259,2012-08-09 08:15:00,27.62382626308,-88.54917631004
CARTHE_259,2012-08-09 08:30:00,27.62366568595,-88.54925819845
CARTHE_259,2012-08-09 08:45:00,27.62351017529,-88.54931901719
CARTHE_259,2012-08-09 09:00:00,27.62335021471,-88.5493335226
CARTHE_259,2012-08-09 09:15:00,27.62316534908,-88.54930340172
CARTHE_259,2012-08-09 09:30:00,27.62293508417,-88.54924943446
CARTHE_259,2012-08-09 09:45:00,27.62264759516,-88.54919725387
CARTHE_259,2012-08-09 10:00:00,27.62230282142,-88.54916493196
CARTHE_259,2012-08-09 10:15:00,27.62191011139,-88.54915743825
CARTHE_259,2012-08-09 10:30:00,27.62148296262,-88.54916811171
CARTHE_259,2012-08-09 10:45:00,27.62103380368,-88.54918407666
CARTHE_259,2012-08-09 11:00:00,27.62057078089,-88.54919205473
CARTHE_259,2012-08-09 11:15:00,27.62009710033,-88.54918236779
CARTHE_259,2012-08-09 11:30:00,27.61961232957,-88.54915065325
CARTHE_259,2012-08-09 11:45:00,27.61911450472,-88.54909792227
CARTHE_259,2012-08-09 12:00:00,27.61860192241,-88.54902985052
CARTHE_259,2012-08-09 12:15:00,27.61807389627,-88.54895593778
CARTHE_259,2012-08-09 12:30:00,27.61753027793,-88.54888879779
CARTHE_259,2012-08-09 12:45:00,27.61697007089,-88.54884346478
CARTHE_259,2012-08-09 13:00:00,27.61638995842,-88.54883627442
CARTHE_259,2012-08-09 13:15:00,27.61578390122,-88.54888280344
CARTHE_259,2012-08-09 13:30:00,27.61514487608,-88.54899474782
CARTHE_259,2012-08-09 13:45:00,27.61446905164,-88.54917642196
CARTHE_259,2012-08-09 14:00:00,27.61376123674,-88.54942228342
CARTHE_259,2012-08-09 14:15:00,27.61303885572,-88.54971680187
CARTHE_259,2012-08-09 14:30:00,27.6123311393,-88.55003672227
CARTHE_259,2012-08-09 14:45:00,27.6116718179,-88.5503542046
CARTHE_259,2012-08-09 15:00:00,27.61108730778,-88.5506394231
CARTHE_259,2012-08-09 15:15:00,27.61058581693,-88.55086287895
CARTHE_259,2012-08-09 15:30:00,27.61015289305,-88.55099810253
CARTHE_259,2012-08-09 15:45:00,27.60975571509,-88.55102446498
CARTHE_259,2012-08-09 16:00:00,27.60935455734,-88.5509294463
CARTHE_259,2012-08-09 16:15:00,27.6089172254,-88.55071075518
CARTHE_259,2012-08-09 16:30:00,27.60843106429,-88.55037942975
CARTHE_259,2012-08-09 16:45:00,27.60790622747,-88.54996267082
CARTHE_259,2012-08-09 17:00:00,27.60736606525,-88.54950181754
CARTHE_259,2012-08-09 17:15:00,27.60682995772,-88.54904187642
CARTHE_259,2012-08-09 17:30:00,27.60630175165,-88.54861557641
CARTHE_259,2012-08-09 17:45:00,27.60577161483,-88.54823104608
CARTHE_259,2012-08-09 18:00:00,27.60522757061,-88.54787081243
CARTHE_259,2012-08-09 18:15:00,27.6046676497,-88.54750186463
CARTHE_259,2012-08-09 18:30:00,27.60410605635,-88.54708871098
CARTHE_259,2012-08-09 18:45:00,27.60357196862,-88.54660129754
CARTHE_259,2012-08-09 19:00:00,27.60310301034,-88.54601744777
CARTHE_259,2012-08-09 19:15:00,27.6027356849,-88.54532582757
CARTHE_259,2012-08-09 19:30:00,27.60249465916,-88.54453254955
CARTHE_259,2012-08-09 19:45:00,27.6023841199,-88.54366589576
CARTHE_259,2012-08-09 20:00:00,27.60238561392,-88.54277139843
CARTHE_259,2012-08-09 20:15:00,27.60246429329,-88.54189819409
CARTHE_259,2012-08-09 20:30:00,27.60258035918,-88.54108543073
CARTHE_259,2012-08-09 20:45:00,27.60269934288,-88.54035485672
CARTHE_259,2012-08-09 21:00:00,27.60279638622,-88.53970875415
CARTHE_259,2012-08-09 21:15:00,27.60285448167,-88.53913134464
CARTHE_259,2012-08-09 21:30:00,27.60286054821,-88.53859494809
CARTHE_259,2012-08-09 21:45:00,27.60280345917,-88.5380721436
CARTHE_259,2012-08-09 22:00:00,27.60267526395,-88.53755022841
CARTHE_259,2012-08-09 22:15:00,27.60247359043,-88.53703951238
CARTHE_259,2012-08-09 22:30:00,27.60220218341,-88.5365685628
CARTHE_259,2012-08-09 22:45:00,27.60186832214,-88.53616805642
CARTHE_259,2012-08-09 23:00:00,27.6014786345,-88.53585361506
CARTHE_259,2012-08-09 23:15:00,27.60103598979,-88.53561856738
CARTHE_259,2012-08-09 23:30:00,27.60053903306,-88.53543981001
CARTHE_259,2012-08-09 23:45:00,27.59998404828,-88.53529177052
CARTHE_259,2012-08-10 00:00:00,27.59936775584,-88.53516097704
CARTHE_259,2012-08-10 00:15:00,27.59868962371,-88.53505591911
CARTHE_259,2012-08-10 00:30:00,27.59795277052,-88.53500958516
CARTHE_259,2012-08-10 00:45:00,27.59716313656,-88.53507342809
CARTHE_259,2012-08-10 01:00:00,27.59632724859,-88.53530303482
CARTHE_259,2012-08-10 01:15:00,27.59544965067,-88.53573948402
CARTHE_259,2012-08-10 01:30:00,27.59453159721,-88.5363950974
CARTHE_259,2012-08-10 01:45:00,27.59357212857,-88.53725256264
CARTHE_259,2012-08-10 02:00:00,27.59257087188,-88.53827813957
CARTHE_259,2012-08-10 02:15:00,27.59153026701,-88.53943883696
CARTHE_259,2012-08-10 02:30:00,27.590455445,-88.5407119246
CARTHE_259,2012-08-10 02:45:00,27.58935214679,-88.54208366107
CARTHE_259,2012-08-10 03:00:00,27.58822440327,-88.54354212439
CARTHE_259,2012-08-10 03:15:00,27.58707335338,-88.54507061653
CARTHE_259,2012-08-10 03:30:00,27.58589752038,-88.54664533394
CARTHE_259,2012-08-10 03:45:00,27.5846940648,-88.54823750211
CARTHE_259,2012-08-10 04:00:00,27.58346028697,-88.54981796868
CARTHE_259,2012-08-10 04:15:00,27.58219481495,-88.55136172595
CARTHE_259,2012-08-10 04:30:00,27.58089822359,-88.55285055192
CARTHE_259,2012-08-10 04:45:00,27.57957309904,-88.55427327084
CARTHE_259,2012-08-10 05:00:00,27.57822370395,-88.55562436259
CARTHE_259,2012-08-10 05:15:00,27.57685539526,-88.55690219082
CARTHE_259,2012-08-10 05:30:00,27.57547387312,-88.55810781608
CARTHE_259,2012-08-10 05:45:00,27.57408432621,-88.55924463194
CARTHE_259,2012-08-10 06:00:00,27.57269062777,-88.56031848831
CARTHE_259,2012-08-10 06:15:00,27.57129478875,-88.56133780071
CARTHE_259,2012-08-10 06:30:00,27.56989673234,-88.562313226
CARTHE_259,2012-08-10 06:45:00,27.56849424766,-88.56325660138
CARTHE_259,2012-08-10 07:00:00,27.56708300622,-88.56417900423
CARTHE_259,2012-08-10 07:15:00,27.56565683354,-88.56508812188
CARTHE_259,2012-08-10 07:30:00,27.56420873089,-88.56598560828
CARTHE_259,2012-08-10 07:45:00,27.56273304663,-88.56686546896
CARTHE_259,2012-08-10 08:00:00,27.56122850741,-88.56771436746
CARTHE_259,2012-08-10 08:15:00,27.5597007629,-88.56851400604
CARTHE_259,2012-08-10 08:30:00,27.55816237663,-88.56924492154
CARTHE_259,2012-08-10 08:45:00,27.5566286951,-88.56989078706
CARTHE_259,2012-08-10 09:00:00,27.55511015992,-88.57044262959
CARTHE_259,2012-08-10 09:15:00,27.5536045284,-88.57090255286
CARTHE_259,2012-08-10 09:30:00,27.55209394304,-88.57128582015
CARTHE_259,2012-08-10 09:45:00,27.55054999096,-88.57161889546
CARTHE_259,2012-08-10 10:00:00,27.54894534088,-88.57193122656
CARTHE_259,2012-08-10 10:15:00,27.54726603111,-88.57224171551
CARTHE_259,2012-08-10 10:30:00,27.54551734606,-88.57254566948
CARTHE_259,2012-08-10 10:45:00,27.54372013644,-88.57281071563
CARTHE_259,2012-08-10 11:00:00,27.5419010509,-88.57298688533
CARTHE_259,2012-08-10 11:15:00,27.54008339406,-88.57302681495
CARTHE_259,2012-08-10 11:30:00,27.53828240683,-88.57290394878
CARTHE_259,2012-08-10 11:45:00,27.53650441841,-88.57261831584
CARTHE_259,2012-08-10 12:00:00,27.53474791057,-88.57218907786
CARTHE_259,2012-08-10 12:15:00,27.53300528891,-88.5716410708
CARTHE_259,2012-08-10 12:30:00,27.53126497267,-88.57099359395
CARTHE_259,2012-08-10 12:45:00,27.52951365221,-88.57025565212
CARTHE_259,2012-08-10 13:00:00,27.52773851431,-88.56942717847
CARTHE_259,2012-08-10 13:15:00,27.52592914037,-88.56850323133
CARTHE_259,2012-08-10 13:30:00,27.52407872747,-88.56747810622
CARTHE_259,2012-08-10 13:45:00,27.52218436469,-88.56634768073
CARTHE_259,2012-08-10 14:00:00,27.52024638168,-88.56510984138
CARTHE_259,2012-08-10 14:15:00,27.51826714253,-88.56376375331
CARTHE_259,2012-08-10 14:30:00,27.51624982456,-88.56230888985
CARTHE_259,2012-08-10 14:45:00,27.51419759537,-88.56074440458
CARTHE_259,2012-08-10 15:00:00,27.51211330847,-88.55906896763
CARTHE_259,2012-08-10 15:15:00,27.50999956838,-88.55728086885
CARTHE_259,2012-08-10 15:30:00,27.50785889018,-88.55537811651
CARTHE_259,2012-08-10 15:45:00,27.50569372279,-88.55335839527
CARTHE_259,2012-08-10 16:00:00,27.50350627188,-88.55121896994
CARTHE_259,2012-08-10 16:15:00,27.5012982642,-88.54895678459
CARTHE_259,2012-08-10 16:30:00,27.49907093519,-88.54656898433
CARTHE_259,2012-08-10 16:45:00,27.49682549619,-88.54405382948
CARTHE_259,2012-08-10 17:00:00,27.49456408694,-88.5414115526
CARTHE_259,2012-08-10 17:15:00,27.49229078626,-88.53864435426
CARTHE_259,2012-08-10 17:30:00,27.49001182827,-88.53575476565
CARTHE_259,2012-08-10 17:45:00,27.48773406792,-88.53274228416
CARTHE_259,2012-08-10 18:00:00,27.48546125456,-88.52959945976
CARTHE_259,2012-08-10 18:15:00,27.48318884273,-88.52630991056
CARTHE_259,2012-08-10 18:30:00,27.48089944733,-88.52285104535
CARTHE_259,2012-08-10 18:45:00,27.47856173917,-88.5192025601
CARTHE_259,2012-08-10 19:00:00,27.47613476395,-88.51535799276
CARTHE_259,2012-08-10 19:15:00,27.47357750505,-88.51133268701
CARTHE_259,2012-08-10 19:30:00,27.4708609266,-88.50716144645
CARTHE_259,2012-08-10 19:45:00,27.46797708616,-88.50288581476
CARTHE_259,2012-08-10 20:00:00,27.46493898228,-88.49853977953
CARTHE_259,2012-08-10 20:15:00,27.46176898497,-88.49414477768
CARTHE_259,2012-08-10 20:30:00,27.458481303,-88.48971766209
CARTHE_259,2012-08-10 20:45:00,27.45506920073,-88.48528418065
CARTHE_259,2012-08-10 21:00:00,27.45150627477,-88.48088470249
CARTHE_259,2012-08-10 21:15:00,27.44776221411,-88.47656472662
CARTHE_259,2012-08-10 21:30:00,27.44382311541,-88.47235573874
CARTHE_259,2012-08-10 21:45:00,27.43970308217,-88.46826066587
CARTHE_259,2012-08-10 22:00:00,27.43544057062,-88.4642545108
CARTHE_259,2012-08-10 22:15:00,27.43108404062,-88.46029825825
CARTHE_259,2012-08-10 22:30:00,27.42667704371,-88.45635556519
CARTHE_259,2012-08-10 22:45:00,27.4222501196,-88.45240312272
CARTHE_259,2012-08-10 23:00:00,27.41782080943,-88.44843203211
CARTHE_259,2012-08-10 23:15:00,27.41339870285,-88.44444295586
CARTHE_259,2012-08-10 23:30:00,27.40899132311,-88.44043970994
CARTHE_259,2012-08-10 23:45:00,27.40460798118,-88.43642486123
CARTHE_259,2012-08-11 00:00:00,27.40026085446,-88.43239849778
CARTHE_259,2012-08-11 00:15:00,27.39596416547,-88.42835922063
CARTHE_259,2012-08-11 00:30:00,27.39173291084,-88.42430541638
CARTHE_259,2012-08-11 00:45:00,27.38758223543,-88.4202351425
CARTHE_259,2012-08-11 01:00:00,27.38352770488,-88.41614415652
CARTHE_259,2012-08-11 01:15:00,27.37958590018,-88.41202314615
CARTHE_259,2012-08-11 01:30:00,27.37577433784,-88.40785631395
CARTHE_259,2012-08-11 01:45:00,27.37210993582,-88.40362338296
CARTHE_259,2012-08-11 02:00:00,27.36860607347,-88.39930544721
CARTHE_259,2012-08-11 02:15:00,27.36526935793,-88.39489249376
CARTHE_259,2012-08-11 02:30:00,27.36209781301,-88.39038859298
CARTHE_259,2012-08-11 02:45:00,27.35908172184,-88.38581142815
CARTHE_259,2012-08-11 03:00:00,27.35620687926,-88.38118599175
CARTHE_259,2012-08-11 03:15:00,27.35345860727,-88.37653569033
CARTHE_259,2012-08-11 03:30:00,27.35082468376,-88.37187526719
CARTHE_259,2012-08-11 03:45:00,27.34829640301,-88.3672083951
CARTHE_259,2012-08-11 04:00:00,27.34586835681,-88.36253010656
CARTHE_259,2012-08-11 04:15:00,27.34353814303,-88.35783224346
CARTHE_259,2012-08-11 04:30:00,27.34130675434,-88.35310943088
CARTHE_259,2012-08-11 04:45:00,27.33917933393,-88.34836333863
CARTHE_259,2012-08-11 05:00:00,27.33716514919,-88.34360374194
CARTHE_259,2012-08-11 05:15:00,27.33527576928,-88.33884604535
CARTHE_259,2012-08-11 05:30:00,27.33352165331,-88.33410645781
CARTHE_259,2012-08-11 05:45:00,27.33190874067,-88.32939722548
CARTHE_259,2012-08-11 06:00:00,27.33043678739,-88.32472411699
CARTHE_259,2012-08-11 06:15:00,27.3290999792,-88.32008676594
CARTHE_259,2012-08-11 06:30:00,27.32788903846,-88.3154809083
CARTHE_259,2012-08-11 06:45:00,27.32679355878,-88.31090099208
CARTHE_259,2012-08-11 07:00:00,27.32580362279,-88.30634202051
CARTHE_259,2012-08-11 07:15:00,27.32491040698,-88.30180025191
CARTHE_259,2012-08-11 07:30:00,27.32410600622,-88.29727300432
CARTHE_259,2012-08-11 07:45:00,27.32338292435,-88.29275807176
CARTHE_259,2012-08-11 08:00:00,27.32273361122,-88.28825319027
CARTHE_259,2012-08-11 08:15:00,27.32215022865,-88.28375576733
CARTHE_259,2012-08-11 08:30:00,27.32162464331,-88.27926287409
CARTHE_259,2012-08-11 08:45:00,27.32114854714,-88.27477138567
CARTHE_259,2012-08-11 09:00:00,27.32071359983,-88.27027814473
CARTHE_259,2012-08-11 09:15:00,27.32031153104,-88.26578007325
CARTHE_259,2012-08-11 09:30:00,27.31993418728,-88.26127421532
CARTHE_259,2012-08-11 09:45:00,27.31957353262,-88.25675772584
CARTHE_259,2012-08-11 10:00:00,27.31922161083,-88.25222782469
CARTHE_259,2012-08-11 10:15:00,27.31887046891,-88.24768172633
CARTHE_259,2012-08-11 10:30:00,27.31851204749,-88.24311655355
CARTHE_259,2012-08-11 10:45:00,27.31813807254,-88.23852926077
CARTHE_259,2012-08-11 11:00:00,27.31774002446,-88.23391661996
CARTHE_259,2012-08-11 11:15:00,27.31730928173,-88.22927533692
CARTHE_259,2012-08-11 11:30:00,27.31683750227,-88.22460234005
CARTHE_259,2012-08-11 11:45:00,27.31631720405,-88.21989520916
CARTHE_259,2012-08-11 12:00:00,27.31574237392,-88.21515261674
CARTHE_259,2012-08-11 12:15:00,27.31510886138,-88.21037460582
CARTHE_259,2012-08-11 12:30:00,27.31441438793,-88.20556259094
CARTHE_259,2012-08-11 12:45:00,27.31365821011,-88.20071912483
CARTHE_259,2012-08-11 13:00:00,27.3128406508,-88.19584759726
CARTHE_259,2012-08-11 13:15:00,27.31196270654,-88.19095200582
CARTHE_259,2012-08-11 13:30:00,27.31102576391,-88.18603678205
CARTHE_259,2012-08-11 13:45:00,27.31003127421,-88.18110650572
CARTHE_259,2012-08-11 14:00:00,27.30898020961,-88.1761653415
CARTHE_259,2012-08-11 14:15:00,27.30787232825,-88.17121625038
CARTHE_259,2012-08-11 14:30:00,27.30670563068,-88.16626038705
CARTHE_259,2012-08-11 14:45:00,27.30547666647,-88.16129737004
CARTHE_259,2012-08-11 15:00:00,27.30418225229,-88.15632700775
CARTHE_259,2012-08-11 15:15:00,27.30282249609,-88.15135237817
CARTHE_259,2012-08-11 15:30:00,27.30140391149,-88.14638301066
CARTHE_259,2012-08-11 15:45:00,27.29994042944,-88.14143588154
CARTHE_259,2012-08-11 16:00:00,27.29845018998,-88.1365319527
CARTHE_259,2012-08-11 16:15:00,27.29694788869,-88.13168785541
CARTHE_259,2012-08-11 16:30:00,27.29543592579,-88.12690587892
CARTHE_259,2012-08-11 16:45:00,27.29390058836,-88.12216866813
CARTHE_259,2012-08-11 17:00:00,27.29231830537,-88.11744423773
CARTHE_259,2012-08-11 17:15:00,27.29067001565,-88.11269981479
CARTHE_259,2012-08-11 17:30:00,27.28895399785,-88.1079151895
CARTHE_259,2012-08-11 17:45:00,27.28718717717,-88.10308823991
CARTHE_259,2012-08-11 18:00:00,27.28539473673,-88.09823493954
CARTHE_259,2012-08-11 18:15:00,27.28359785768,-88.09338727567
CARTHE_259,2012-08-11 18:30:00,27.28180697859,-88.08858541895
CARTHE_259,2012-08-11 18:45:00,27.28002102239,-88.08386409995
CARTHE_259,2012-08-11 19:00:00,27.27823207764,-88.07924327628
CARTHE_259,2012-08-11 19:15:00,27.27643418392,-88.07472888062
CARTHE_259,2012-08-11 19:30:00,27.27463119994,-88.07031762008
CARTHE_259,2012-08-11 19:45:00,27.27283873659,-88.06599849136
CARTHE_259,2012-08-11 20:00:00,27.27108010325,-88.06175119912
CARTHE_259,2012-08-11 20:15:00,27.2693800387,-88.05754677648
CARTHE_259,2012-08-11 20:30:00,27.26776046753,-88.05335363576
CARTHE_259,2012-08-11 20:45:00,27.26624010552,-88.04914680851
CARTHE_259,2012-08-11 21:00:00,27.26483464546,-88.04491463777
CARTHE_259,2012-08-11 21:15:00,27.26355290861,-88.04065867036
CARTHE_259,2012-08-11 21:30:00,27.26239024273,-88.03638786804
CARTHE_259,2012-08-11 21:45:00,27.26132585183,-88.03211254525
CARTHE_259,2012-08-11 22:00:00,27.26032853436,-88.02784295757
CARTHE_259,2012-08-11 22:15:00,27.2593680603,-88.02359306555
CARTHE_259,2012-08-11 22:30:00,27.25842539099,-88.01938561122
CARTHE_259,2012-08-11 22:45:00,27.25749684161,-88.01525303984
CARTHE_259,2012-08-11 23:00:00,27.25659148118,-88.01122970396
CARTHE_259,2012-08-11 23:15:00,27.25572422315,-88.00733428258
CARTHE_259,2012-08-11 23:30:00,27.25490818697,-88.00354795898
CARTHE_259,2012-08-11 23:45:00,27.25414950182,-87.99980176123
CARTHE_259,2012-08-12 00:00:00,27.25344655828,-87.99599027136
CARTHE_259,2012-08-12 00:15:00,27.25279412723,-87.99202217116
CARTHE_259,2012-08-12 00:30:00,27.252190773,-87.98789813005
CARTHE_259,2012-08-12 00:45:00,27.25164590942,-87.98377978023
CARTHE_259,2012-08-12 01:00:00,27.25118168563,-87.97999668387
